{
  "name": "jspdf",
  "version": "1.0.272",
  "homepage": "https://github.com/mrrio/jspdf",
  "description": "PDF Document creation from JavaScript",
  "main": "dist/jspdf.min.js",
  "moduleType": [
    "amd",
    "globals"
  ],
  "keywords": [
    "pdf"
  ],
  "license": "MIT",
  "ignore": [
    "**/.*",
    "libs",
    "CNAME",
    "jspdf.js",
    "jspdf.PLUGINTEMPLATE.js",
    "jspdf.plugin.*",
    "todo.txt",
    "wscript.py",
    "build.sh",
    "test",
    "tools"
  ],
  "_release": "1.0.272",
  "_resolution": {
    "type": "version",
    "tag": "v1.0.272",
    "commit": "1e722ff71d569b8e56a02f6223569f7c195ebd4e"
  },
  "_source": "git://github.com/MrRio/jsPDF.git",
  "_target": "~1.0.178",
  "_originalSource": "jspdf"
}